{
  "psnr_per_video": [
    15.647642001465602,
    23.016437745490244,
    16.606184411473382,
    15.655502164961227,
    13.646452789675191,
    18.716795891229904,
    17.721289197639027,
    16.555579541396064,
    13.674777361193547,
    19.632003189781532,
    17.56049273135266,
    18.932356273096445,
    16.91003390582607,
    19.481006095801103,
    16.533765987107987,
    14.982203845265598,
    17.504100518456294,
    18.997109976362935,
    10.682216272726567,
    16.360000813478614
  ],
  "avg_psnr": 16.940797535689004
}